"sampid","organism"
"dzd-1","Proteus mirabilis"
"dzd-10","Oxacillin-resistant S. aureus"
"dzd-100","Klebsiella pneumoniae"
"dzd-1000","Oxacillin-resistant S. aureus"
"dzd-1001","Stenotrophomonas maltophilia"
"dzd-1002","Staphylococcus epidermidis"
"dzd-1003","Staphylococcus lugdunensis"
"dzd-1004","Staphylococcus epidermidis"
"dzd-1005","Escherichia coli"
"dzd-1006","Staphylococcus aureus"
"dzd-1008","Oxacillin-resistant S. aureus"
"dzd-1009","Pseudomonas aeruginosa"
"dzd-101","Klebsiella pneumoniae"
"dzd-1011","Staphylococcus aureus"
"dzd-1012","Serratia marcescens"
"dzd-1014","Escherichia coli"
"dzd-1017","Staphylococcus epidermidis"
"dzd-1018","Staphylococcus epidermidis"
"dzd-1018","Staphylococcus aureus"
"dzd-1019","Staphylococcus epidermidis"
"dzd-1019","Staphylococcus haemolyticus"
"dzd-102","Klebsiella pneumoniae"
"dzd-1020","Staphylococcus aureus"
"dzd-1020","Staphylococcus epidermidis"
"dzd-1021","Serratia marcescens"
"dzd-1022","Escherichia coli"
"dzd-1023","Staphylococcus capitis"
"dzd-1023","Escherichia coli"
"dzd-1025","Escherichia coli"
"dzd-1025","Staphylococcus capitis"
"dzd-1026","Escherichia coli"
"dzd-1027","Citrobacter freundii"
"dzd-1028","Escherichia coli"
"dzd-1029","Escherichia coli"
"dzd-103","Escherichia coli"
"dzd-1030","Staphylococcus aureus"
"dzd-1031","Stenotrophomonas maltophilia"
"dzd-1032","Citrobacter freundii"
"dzd-1033","Escherichia coli"
"dzd-1034","Staphylococcus pseudointermedius"
"dzd-1035","Pseudomonas aeruginosa"
"dzd-1036","Staphylococcus epidermidis"
"dzd-1036","Staphylococcus haemolyticus"
"dzd-1037","Candida parapsilosis"
"dzd-1037","Staphylococcus aureus"
"dzd-1039","Staphylococcus epidermidis"
"dzd-104","Klebsiella pneumoniae"
"dzd-1040","Enterobacter aerogenes"
"dzd-1041","Pseudomonas aeruginosa"
"dzd-1042","Enterobacter aerogenes"
"dzd-1045","Staphylococcus aureus"
"dzd-1046","Oxacillin-resistant S. aureus"
"dzd-1047","Escherichia coli"
"dzd-1048","Escherichia coli"
"dzd-1049","Escherichia coli"
"dzd-105","Pseudomonas aeruginosa"
"dzd-1050","Escherichia coli"
"dzd-1052","Enterobacter cloacae complex"
"dzd-1053","Staphylococcus aureus"
"dzd-1054","Pseudomonas aeruginosa"
"dzd-1054","Escherichia coli"
"dzd-1055","Escherichia coli"
"dzd-1056","Oxacillin-resistant S. aureus"
"dzd-1057","Escherichia coli"
"dzd-1058","Escherichia coli"
"dzd-1059","Escherichia coli"
"dzd-106","Klebsiella pneumoniae"
"dzd-1060","Escherichia coli"
"dzd-1061","Staphylococcus aureus"
"dzd-1063","Escherichia coli"
"dzd-1064","Oxacillin-resistant S. aureus"
"dzd-1066","Pseudomonas aeruginosa"
"dzd-1067","Citrobacter amalonaticus"
"dzd-1068","Escherichia coli"
"dzd-107","Serratia marcescens"
"dzd-1070","Escherichia coli"
"dzd-1071","Staphylococcus aureus"
"dzd-1076","Enterococcus faecalis"
"dzd-1078","Klebsiella pneumoniae"
"dzd-1079","Staphylococcus aureus"
"dzd-108","Escherichia coli"
"dzd-1080","Escherichia coli"
"dzd-1080","Oxacillin-resistant S. aureus"
"dzd-1081","Enterococcus faecalis"
"dzd-1081","Oxacillin-resistant S. aureus"
"dzd-1082","Oxacillin-resistant S. aureus"
"dzd-1083","Staphylococcus epidermidis"
"dzd-1084","Oxacillin-resistant S. aureus"
"dzd-1086","Escherichia coli"
"dzd-1087","Enterobacter species"
"dzd-1088","Stenotrophomonas maltophilia"
"dzd-1089","Enterobacter species"
"dzd-109","Staphylococcus aureus"
"dzd-1090","Proteus mirabilis"
"dzd-1091","Pseudomonas aeruginosa"
"dzd-1092","Pseudomonas aeruginosa"
"dzd-1093","Staphylococcus epidermidis"
"dzd-1094","Pseudomonas aeruginosa"
"dzd-1095","Proteus mirabilis"
"dzd-1096","Enterobacter species"
"dzd-1097","Escherichia coli"
"dzd-1099","Citrobacter koseri"
"dzd-11","Staphylococcus capitis"
"dzd-110","Escherichia coli"
"dzd-1100","Escherichia coli"
"dzd-1101","Escherichia coli"
"dzd-1102","Oxacillin-resistant S. aureus"
"dzd-1103","Staphylococcus epidermidis"
"dzd-1104","Escherichia coli"
"dzd-1105","Streptococcus agalactiae (Group B)"
"dzd-1106","Escherichia coli"
"dzd-1108","Enterobacter cloacae complex"
"dzd-1109","Escherichia coli"
"dzd-111","Pseudomonas aeruginosa"
"dzd-1110","Morganella morganii"
"dzd-1112","Acinetobacter baumannii"
"dzd-1116","Escherichia coli"
"dzd-1117","Escherichia coli"
"dzd-1118","Pseudomonas aeruginosa"
"dzd-1119","Klebsiella oxytoca"
"dzd-112","Escherichia coli"
"dzd-1120","Klebsiella species"
"dzd-1121","Citrobacter freundii"
"dzd-1122","Escherichia coli"
"dzd-1123","Pantoea agglomerans"
"dzd-1124","Staphylococcus epidermidis"
"dzd-1125","Pseudomonas aeruginosa"
"dzd-1126","Enterobacter cloacae complex"
"dzd-1127","Escherichia coli"
"dzd-1128","Escherichia coli"
"dzd-1129","Klebsiella species"
"dzd-113","Escherichia coli"
"dzd-1130","Escherichia coli"
"dzd-1131","Serratia marcescens"
"dzd-1132","Escherichia coli"
"dzd-1133","Enterococcus faecium"
"dzd-1134","Enterococcus faecalis"
"dzd-1135","Klebsiella oxytoca"
"dzd-1136","Escherichia coli"
"dzd-1138","Escherichia coli"
"dzd-1139","Escherichia coli"
"dzd-114","Oxacillin-resistant S. aureus"
"dzd-1140","Escherichia coli"
"dzd-1141","Escherichia coli"
"dzd-1142","Citrobacter freundii"
"dzd-1142","Coagulase negative Staphylococcus"
"dzd-1143","Staphylococcus epidermidis"
"dzd-1144","Escherichia coli"
"dzd-1146","Staphylococcus auricularis"
"dzd-1146","Coagulase negative Staphylococcus"
"dzd-1147","Pseudomonas aeruginosa"
"dzd-1148","Staphylococcus epidermidis"
"dzd-1148","Staphylococcus caprae"
"dzd-1149","Oxacillin-resistant S. aureus"
"dzd-115","Escherichia coli"
"dzd-1150","Escherichia coli"
"dzd-1151","Enterobacter cloacae complex"
"dzd-1152","Staphylococcus epidermidis"
"dzd-1154","Escherichia coli"
"dzd-1155","Staphylococcus epidermidis"
"dzd-1155","Staphylococcus caprae"
"dzd-1156","Escherichia coli"
"dzd-1157","Escherichia coli"
"dzd-1161","Staphylococcus epidermidis"
"dzd-1162","Oxacillin-resistant S. aureus"
"dzd-1163","Oxacillin-resistant S. aureus"
"dzd-1164","Staphylococcus warneri"
"dzd-1165","Escherichia coli"
"dzd-1166","Klebsiella species"
"dzd-1167","Pseudomonas aeruginosa"
"dzd-1168","Staphylococcus aureus"
"dzd-117","Enterobacter cloacae complex"
"dzd-1170","Klebsiella pneumoniae ssp pneumoniae"
"dzd-1171","Enterococcus faecalis"
"dzd-1173","Escherichia coli"
"dzd-1174","Klebsiella pneumoniae"
"dzd-1175","Escherichia coli"
"dzd-1176","Escherichia coli"
"dzd-1177","Staphylococcus aureus"
"dzd-1178","Escherichia coli"
"dzd-1179","Oxacillin-resistant S. aureus"
"dzd-1179","Enterococcus faecalis"
"dzd-118","Staphylococcus epidermidis"
"dzd-1181","Klebsiella species"
"dzd-1183","Escherichia coli"
"dzd-1184","Proteus mirabilis"
"dzd-1185","Enterobacter aerogenes"
"dzd-1186","Staphylococcus epidermidis"
"dzd-1187","Escherichia coli"
"dzd-1188","Escherichia coli"
"dzd-119","Enterococcus faecalis"
"dzd-1190","Escherichia coli"
"dzd-1192","Escherichia coli"
"dzd-1193","Escherichia coli"
"dzd-1194","Escherichia coli"
"dzd-1195","Oxacillin-resistant S. aureus"
"dzd-1197","Escherichia coli"
"dzd-1199","Escherichia coli"
"dzd-12","Staphylococcus epidermidis"
"dzd-120","Oxacillin-resistant S. aureus"
"dzd-1200","Pseudomonas aeruginosa"
"dzd-1201","Escherichia coli"
"dzd-1203","Escherichia coli"
"dzd-1204","Escherichia coli"
"dzd-1205","Staphylococcus aureus"
"dzd-1206","Staphylococcus aureus"
"dzd-1207","Acinetobacter radioresistens"
"dzd-1209","Escherichia coli"
"dzd-121","Escherichia coli"
"dzd-1210","Escherichia coli"
"dzd-1211","Escherichia coli"
"dzd-1212","Staphylococcus epidermidis"
"dzd-1215","Escherichia coli"
"dzd-1216","Staphylococcus hominis"
"dzd-1216","Coagulase negative Staphylococcus"
"dzd-1217","Escherichia coli"
"dzd-1218","Acinetobacter baumannii complex"
"dzd-122","Pseudomonas aeruginosa"
"dzd-1220","Klebsiella pneumoniae"
"dzd-1221","Enterococcus faecalis"
"dzd-1222","Oxacillin-resistant S. aureus"
"dzd-1225","Pseudomonas aeruginosa"
"dzd-1226","Klebsiella pneumoniae"
"dzd-1227","Klebsiella pneumoniae"
"dzd-1228","Bacillus cereus group"
"dzd-1229","Escherichia coli"
"dzd-123","Escherichia coli"
"dzd-1230","Escherichia coli"
"dzd-1231","Enterococcus faecalis"
"dzd-1232","Escherichia coli"
"dzd-1233","Serratia marcescens"
"dzd-1234","Proteus mirabilis"
"dzd-1235","Klebsiella pneumoniae"
"dzd-1236","Klebsiella pneumoniae"
"dzd-1237","Escherichia coli"
"dzd-1238","Escherichia coli"
"dzd-1239","Escherichia coli"
"dzd-124","Staphylococcus epidermidis"
"dzd-1240","Escherichia coli"
"dzd-1241","Oxacillin-resistant S. aureus"
"dzd-1244","Escherichia coli"
"dzd-1245","Escherichia coli"
"dzd-1246","Klebsiella pneumoniae"
"dzd-1248","Pseudomonas aeruginosa"
"dzd-1249","Klebsiella pneumoniae"
"dzd-125","Klebsiella pneumoniae"
"dzd-1250","Enterococcus faecalis"
"dzd-1252","Coagulase negative Staphylococcus"
"dzd-1252","Staphylococcus auricularis"
"dzd-1253","Escherichia coli"
"dzd-1254","Oxacillin-resistant S. aureus"
"dzd-1255","Klebsiella pneumoniae"
"dzd-1256","Pseudomonas aeruginosa"
"dzd-1258","Acinetobacter baumannii complex"
"dzd-126","Escherichia coli"
"dzd-1261","Oxacillin-resistant S. aureus"
"dzd-1262","Klebsiella pneumoniae"
"dzd-1263","Klebsiella pneumoniae"
"dzd-1264","Klebsiella pneumoniae"
"dzd-127","Oxacillin-resistant S. aureus"
"dzd-129","Staphylococcus aureus"
"dzd-1292","Klebsiella pneumoniae"
"dzd-13","Escherichia coli"
"dzd-130","Escherichia coli"
"dzd-1309","Staphylococcus aureus"
"dzd-131","Oxacillin-resistant S. aureus"
"dzd-1311","Escherichia coli"
"dzd-1312","Staphylococcus aureus"
"dzd-132","Enterococcus faecalis"
"dzd-134","Oxacillin-resistant S. aureus"
"dzd-1346","Klebsiella pneumoniae"
"dzd-1347","Klebsiella pneumoniae"
"dzd-1348","Klebsiella pneumoniae"
"dzd-1354","Staphylococcus aureus"
"dzd-1356","Morganella morganii"
"dzd-1356","Proteus mirabilis"
"dzd-136","Oxacillin-resistant S. aureus"
"dzd-137","Klebsiella pneumoniae"
"dzd-1375","Serratia marcescens"
"dzd-139","Enterococcus faecium"
"dzd-1397","Klebsiella species"
"dzd-1397","Enterobacter cloacae complex"
"dzd-14","Enterococcus faecalis"
"dzd-140","Escherichia coli"
"dzd-141","Pseudomonas aeruginosa"
"dzd-142","Enterobacter species"
"dzd-144","Staphylococcus epidermidis"
"dzd-145","Enterobacter species"
"dzd-147","Escherichia coli"
"dzd-149","Streptococcus agalactiae (Group B)"
"dzd-15","Proteus mirabilis"
"dzd-150","Escherichia coli"
"dzd-151","Escherichia coli"
"dzd-152","Proteus mirabilis"
"dzd-153","Escherichia coli"
"dzd-154","Escherichia coli"
"dzd-155","Escherichia coli"
"dzd-156","Klebsiella pneumoniae"
"dzd-157","Klebsiella pneumoniae"
"dzd-159","Pseudomonas aeruginosa"
"dzd-160","Pseudomonas aeruginosa"
"dzd-161","Enterococcus faecalis"
"dzd-162","Escherichia coli"
"dzd-163","Proteus mirabilis"
"dzd-164","Enterococcus faecalis"
"dzd-165","Escherichia coli"
"dzd-167","Escherichia coli"
"dzd-168","Escherichia coli"
"dzd-169","Escherichia coli"
"dzd-17","Streptococcus agalactiae (Group B)"
"dzd-172","Escherichia coli"
"dzd-173","Klebsiella pneumoniae"
"dzd-174","Klebsiella pneumoniae"
"dzd-175","Escherichia coli"
"dzd-177","Oxacillin-resistant S. aureus"
"dzd-178","Oxacillin-resistant S. aureus"
"dzd-18","Staphylococcus capitis"
"dzd-180","Staphylococcus aureus"
"dzd-182","Oxacillin-resistant S. aureus"
"dzd-183","Pseudomonas aeruginosa"
"dzd-184","Escherichia coli"
"dzd-185","Escherichia coli"
"dzd-185","Acinetobacter baumannii complex"
"dzd-186","Klebsiella pneumoniae"
"dzd-187","Proteus mirabilis"
"dzd-188","Pseudomonas aeruginosa"
"dzd-189","Acinetobacter baumannii complex"
"dzd-189","Escherichia coli"
"dzd-19","Klebsiella pneumoniae"
"dzd-190","Enterobacter aerogenes"
"dzd-191","Escherichia coli"
"dzd-192","Acinetobacter baumannii complex"
"dzd-193","Escherichia coli"
"dzd-194","Escherichia coli"
"dzd-195","Enterococcus faecalis"
"dzd-196","Escherichia coli"
"dzd-197","Escherichia coli"
"dzd-198","Pseudomonas aeruginosa"
"dzd-199","Oxacillin-resistant S. aureus"
"dzd-2","Proteus mirabilis"
"dzd-20","Escherichia coli"
"dzd-200","Pseudomonas aeruginosa"
"dzd-201","Escherichia coli"
"dzd-202","Pseudomonas aeruginosa"
"dzd-203","Morganella morganii"
"dzd-204","Klebsiella pneumoniae"
"dzd-206","Oxacillin-resistant S. aureus"
"dzd-208","Oxacillin-resistant S. aureus"
"dzd-209","Staphylococcus epidermidis"
"dzd-209","Pseudomonas aeruginosa"
"dzd-21","Klebsiella pneumoniae"
"dzd-210","Enterobacter cloacae complex"
"dzd-211","Escherichia coli"
"dzd-212","Escherichia coli"
"dzd-213","Serratia marcescens"
"dzd-215","Staphylococcus epidermidis"
"dzd-216","Oxacillin-resistant S. aureus"
"dzd-217","Enterococcus faecalis"
"dzd-218","Klebsiella pneumoniae"
"dzd-219","Klebsiella pneumoniae"
"dzd-22","Proteus mirabilis"
"dzd-220","Enterococcus faecalis"
"dzd-221","Escherichia coli"
"dzd-222","Escherichia coli"
"dzd-223","Escherichia coli"
"dzd-224","Proteus mirabilis"
"dzd-226","Pseudomonas aeruginosa"
"dzd-227","Staphylococcus epidermidis"
"dzd-227","Coagulase negative Staphylococcus"
"dzd-228","Escherichia coli"
"dzd-229","Klebsiella oxytoca"
"dzd-230","Stenotrophomonas maltophilia"
"dzd-231","Escherichia coli"
"dzd-232","Oxacillin-resistant S. aureus"
"dzd-233","Staphylococcus aureus"
"dzd-234","Enterobacter cloacae/ asburiae"
"dzd-235","Staphylococcus aureus"
"dzd-236","Enterococcus faecalis"
"dzd-237","Enterobacter cloacae/ asburiae"
"dzd-238","Pseudomonas aeruginosa"
"dzd-238","Klebsiella pneumoniae"
"dzd-239","Proteus mirabilis"
"dzd-24","Pseudomonas aeruginosa"
"dzd-240","Proteus mirabilis"
"dzd-241","Klebsiella pneumoniae"
"dzd-242","Staphylococcus epidermidis"
"dzd-242","Pseudomonas aeruginosa"
"dzd-245","Klebsiella pneumoniae"
"dzd-246","Escherichia coli"
"dzd-247","Oxacillin-resistant S. aureus"
"dzd-25","Escherichia coli"
"dzd-250","Morganella morganii"
"dzd-251","Enterobacter species"
"dzd-253","Pseudomonas aeruginosa"
"dzd-254","Morganella morganii"
"dzd-255","Enterococcus faecalis"
"dzd-257","Oxacillin-resistant S. aureus"
"dzd-258","Escherichia coli"
"dzd-259","Enterococcus faecalis"
"dzd-26","Escherichia coli"
"dzd-260","Escherichia coli"
"dzd-261","Escherichia coli"
"dzd-262","Enterococcus faecalis"
"dzd-263","Klebsiella oxytoca"
"dzd-264","Escherichia coli"
"dzd-265","Staphylococcus aureus"
"dzd-266","Oxacillin-resistant S. aureus"
"dzd-267","Escherichia coli"
"dzd-269","Streptococcus agalactiae (Group B)"
"dzd-27","Acinetobacter baumannii complex"
"dzd-270","Klebsiella pneumoniae"
"dzd-271","Escherichia coli"
"dzd-272","Enterococcus faecalis"
"dzd-273","Enterococcus faecium"
"dzd-274","Escherichia coli"
"dzd-275","Klebsiella pneumoniae"
"dzd-277","Providencia stuartii"
"dzd-278","Pseudomonas aeruginosa"
"dzd-279","Escherichia coli"
"dzd-28","Proteus mirabilis"
"dzd-280","Klebsiella pneumoniae"
"dzd-281","Escherichia coli"
"dzd-282","Staphylococcus aureus"
"dzd-283","Staphylococcus epidermidis"
"dzd-284","Staphylococcus aureus"
"dzd-285","Escherichia coli"
"dzd-286","Escherichia coli"
"dzd-287","Staphylococcus epidermidis"
"dzd-288","Staphylococcus haemolyticus"
"dzd-289","Staphylococcus epidermidis"
"dzd-29","Klebsiella pneumoniae"
"dzd-290","Staphylococcus epidermidis"
"dzd-292","Escherichia coli"
"dzd-293","Escherichia coli"
"dzd-294","Proteus mirabilis"
"dzd-296","Escherichia coli"
"dzd-297","Staphylococcus epidermidis"
"dzd-298","Escherichia coli"
"dzd-299","Escherichia coli"
"dzd-3","Pseudomonas aeruginosa"
"dzd-30","Escherichia coli"
"dzd-300","Escherichia coli"
"dzd-301","Pseudomonas aeruginosa"
"dzd-302","Staphylococcus hominis"
"dzd-303","Pseudomonas aeruginosa"
"dzd-303","Klebsiella pneumoniae"
"dzd-304","Oxacillin-resistant S. aureus"
"dzd-305","Pseudomonas aeruginosa"
"dzd-306","Escherichia coli"
"dzd-307","Pseudomonas aeruginosa"
"dzd-308","Enterococcus faecalis"
"dzd-309","Proteus mirabilis"
"dzd-31","Enterobacter aerogenes"
"dzd-310","Acinetobacter ursingii"
"dzd-311","Staphylococcus aureus"
"dzd-311","Enterococcus raffinosus"
"dzd-312","Klebsiella species"
"dzd-313","Oxacillin-resistant S. aureus"
"dzd-315","Pseudomonas aeruginosa"
"dzd-316","Klebsiella pneumoniae"
"dzd-316","Enterococcus faecalis"
"dzd-316","Escherichia coli"
"dzd-317","Proteus species"
"dzd-319","Staphylococcus haemolyticus"
"dzd-319","Enterococcus faecalis"
"dzd-32","Escherichia coli"
"dzd-320","Staphylococcus epidermidis"
"dzd-320","Coagulase negative Staphylococcus"
"dzd-321","Escherichia coli"
"dzd-322","Staphylococcus aureus"
"dzd-323","Escherichia coli"
"dzd-324","Escherichia coli"
"dzd-325","Escherichia coli"
"dzd-326","Escherichia coli"
"dzd-328","Staphylococcus aureus"
"dzd-329","Acinetobacter baumannii complex"
"dzd-33","Klebsiella pneumoniae"
"dzd-330","Escherichia coli"
"dzd-331","Stenotrophomonas maltophilia"
"dzd-333","Enterobacter species"
"dzd-334","Enterococcus faecalis"
"dzd-334","Staphylococcus haemolyticus"
"dzd-335","Pseudomonas aeruginosa"
"dzd-336","Klebsiella pneumoniae"
"dzd-337","Klebsiella pneumoniae"
"dzd-338","Serratia marcescens"
"dzd-339","Escherichia coli"
"dzd-34","Escherichia coli"
"dzd-340","Pseudomonas aeruginosa"
"dzd-341","Klebsiella pneumoniae"
"dzd-341","Enterococcus faecalis"
"dzd-341","Escherichia coli"
"dzd-342","Enterococcus faecalis"
"dzd-343","Staphylococcus aureus"
"dzd-344","Klebsiella pneumoniae"
"dzd-345","Oxacillin-resistant S. aureus"
"dzd-346","Pseudomonas putida"
"dzd-347","Staphylococcus aureus"
"dzd-348","Pseudomonas aeruginosa"
"dzd-349","Staphylococcus epidermidis"
"dzd-35","Staphylococcus aureus"
"dzd-352","Pseudomonas aeruginosa"
"dzd-352","Escherichia coli"
"dzd-353","Escherichia coli"
"dzd-354","Enterococcus faecalis"
"dzd-355","Enterococcus faecalis"
"dzd-356","Escherichia coli"
"dzd-357","Escherichia coli"
"dzd-358","Escherichia coli"
"dzd-359","Escherichia coli"
"dzd-36","Klebsiella pneumoniae"
"dzd-360","Enterococcus faecalis"
"dzd-361","Enterococcus faecium"
"dzd-362","Enterococcus faecalis"
"dzd-363","Klebsiella pneumoniae"
"dzd-364","Staphylococcus aureus"
"dzd-365","Oxacillin-resistant S. aureus"
"dzd-366","Escherichia coli"
"dzd-367","Escherichia coli"
"dzd-367","Pseudomonas aeruginosa"
"dzd-368","Pseudomonas aeruginosa"
"dzd-368","Klebsiella pneumoniae"
"dzd-369","Escherichia coli"
"dzd-37","Staphylococcus epidermidis"
"dzd-370","Escherichia coli"
"dzd-371","Oxacillin-resistant S. aureus"
"dzd-371","Klebsiella pneumoniae"
"dzd-372","Enterococcus faecium"
"dzd-373","Escherichia coli"
"dzd-375","Pseudomonas aeruginosa"
"dzd-376","Klebsiella pneumoniae"
"dzd-377","Escherichia coli"
"dzd-378","Escherichia coli"
"dzd-379","Escherichia coli"
"dzd-380","Stenotrophomonas maltophilia"
"dzd-381","Klebsiella pneumoniae"
"dzd-381","Pseudomonas aeruginosa"
"dzd-382","Proteus mirabilis"
"dzd-383","Pseudomonas aeruginosa"
"dzd-384","Escherichia coli"
"dzd-385","Escherichia coli"
"dzd-386","Oxacillin-resistant S. aureus"
"dzd-389","Candida glabrata"
"dzd-39","Escherichia coli"
"dzd-390","Pseudomonas aeruginosa"
"dzd-391","Klebsiella pneumoniae"
"dzd-392","Staphylococcus epidermidis"
"dzd-393","Klebsiella pneumoniae"
"dzd-394","Klebsiella pneumoniae"
"dzd-395","Staphylococcus haemolyticus"
"dzd-395","Enterococcus faecalis"
"dzd-396","Acinetobacter baumannii complex"
"dzd-397","Enterococcus raffinosus"
"dzd-398","Klebsiella pneumoniae"
"dzd-399","Acinetobacter baumannii complex"
"dzd-4","Escherichia coli"
"dzd-40","Staphylococcus epidermidis"
"dzd-400","Oxacillin-resistant S. aureus"
"dzd-401","Klebsiella pneumoniae"
"dzd-402","Escherichia coli"
"dzd-405","Klebsiella pneumoniae"
"dzd-405","Enterococcus faecalis"
"dzd-405","Escherichia coli"
"dzd-409","Stenotrophomonas maltophilia"
"dzd-41","Klebsiella pneumoniae"
"dzd-410","Enterococcus faecium"
"dzd-411","Klebsiella pneumoniae"
"dzd-412","Escherichia coli"
"dzd-412","Serratia marcescens"
"dzd-413","Escherichia coli"
"dzd-414","Pseudomonas aeruginosa"
"dzd-415","Staphylococcus lugdunensis"
"dzd-417","Escherichia coli"
"dzd-418","Escherichia coli"
"dzd-419","Escherichia coli"
"dzd-42","Oxacillin-resistant S. aureus"
"dzd-420","Escherichia coli"
"dzd-421","Klebsiella pneumoniae"
"dzd-421","Escherichia coli"
"dzd-422","Escherichia coli"
"dzd-424","Serratia marcescens"
"dzd-424","Escherichia coli"
"dzd-425","Escherichia coli"
"dzd-426","Escherichia coli"
"dzd-427","Escherichia coli"
"dzd-428","Streptococcus agalactiae (Group B)"
"dzd-429","Escherichia coli"
"dzd-43","Oxacillin-resistant S. aureus"
"dzd-430","Klebsiella pneumoniae"
"dzd-431","Enterobacter aerogenes"
"dzd-432","Klebsiella pneumoniae"
"dzd-433","Escherichia coli"
"dzd-434","Morganella morganii"
"dzd-434","Escherichia coli"
"dzd-435","Escherichia coli"
"dzd-437","Proteus mirabilis"
"dzd-437","Staphylococcus capitis"
"dzd-437","Staphylococcus epidermidis"
"dzd-438","Staphylococcus epidermidis"
"dzd-44","Proteus mirabilis"
"dzd-44","Staphylococcus epidermidis"
"dzd-440","Staphylococcus aureus"
"dzd-441","Staphylococcus aureus"
"dzd-443","Staphylococcus lugdunensis"
"dzd-444","Staphylococcus aureus"
"dzd-445","Escherichia coli"
"dzd-446","Staphylococcus epidermidis"
"dzd-447","Staphylococcus lugdunensis"
"dzd-449","Escherichia coli"
"dzd-45","Staphylococcus epidermidis"
"dzd-450","Escherichia coli"
"dzd-451","Enterococcus faecium"
"dzd-452","Acinetobacter baumannii complex"
"dzd-453","Escherichia coli"
"dzd-455","Escherichia coli"
"dzd-456","Escherichia coli"
"dzd-457","Escherichia coli"
"dzd-458","Escherichia coli"
"dzd-459","Escherichia coli"
"dzd-46","Oxacillin-resistant S. aureus"
"dzd-460","Klebsiella pneumoniae"
"dzd-461","Escherichia coli"
"dzd-465","Staphylococcus aureus"
"dzd-466","Escherichia coli"
"dzd-467","Staphylococcus capitis"
"dzd-467","Staphylococcus epidermidis"
"dzd-467","Proteus mirabilis"
"dzd-468","Klebsiella pneumoniae"
"dzd-471","Staphylococcus aureus"
"dzd-472","Escherichia coli"
"dzd-473","Enterococcus faecalis"
"dzd-474","Pseudomonas aeruginosa"
"dzd-475","Escherichia coli"
"dzd-476","Escherichia coli"
"dzd-477","Escherichia coli"
"dzd-478","Escherichia coli"
"dzd-479","Escherichia coli"
"dzd-48","Oxacillin-resistant S. aureus"
"dzd-480","Acinetobacter baumannii complex"
"dzd-481","Escherichia coli"
"dzd-482","Escherichia coli"
"dzd-483","Escherichia coli"
"dzd-485","Pseudomonas aeruginosa"
"dzd-486","Oxacillin-resistant S. aureus"
"dzd-49","Staphylococcus capitis"
"dzd-490","Klebsiella pneumoniae"
"dzd-491","Enterococcus faecalis"
"dzd-492","Enterococcus faecium"
"dzd-493","Pseudomonas aeruginosa"
"dzd-495","Escherichia coli"
"dzd-496","Escherichia coli"
"dzd-497","Escherichia coli"
"dzd-499","Proteus mirabilis"
"dzd-5","Klebsiella species"
"dzd-5","Escherichia coli"
"dzd-50","Escherichia coli"
"dzd-501","Staphylococcus epidermidis"
"dzd-502","Klebsiella pneumoniae"
"dzd-503","Staphylococcus aureus"
"dzd-504","Staphylococcus capitis"
"dzd-505","Escherichia coli"
"dzd-506","Escherichia coli"
"dzd-507","Staphylococcus aureus"
"dzd-508","Pseudomonas aeruginosa"
"dzd-509","Pseudomonas aeruginosa"
"dzd-51","Enterobacter aerogenes"
"dzd-510","Enterococcus faecium"
"dzd-512","Pseudomonas aeruginosa"
"dzd-513","Staphylococcus aureus"
"dzd-514","Escherichia coli"
"dzd-516","Enterococcus faecalis"
"dzd-517","Escherichia coli"
"dzd-518","Escherichia coli"
"dzd-519","Citrobacter freundii"
"dzd-519","Klebsiella oxytoca"
"dzd-52","Enterococcus faecalis"
"dzd-520","Klebsiella pneumoniae"
"dzd-521","Escherichia coli"
"dzd-523","Staphylococcus epidermidis"
"dzd-523","Staphylococcus haemolyticus"
"dzd-524","Acinetobacter baumannii complex"
"dzd-525","Escherichia coli"
"dzd-527","Enterococcus faecalis"
"dzd-528","Enterobacter cloacae complex"
"dzd-529","Klebsiella pneumoniae"
"dzd-53","Escherichia coli"
"dzd-531","Escherichia coli"
"dzd-532","Klebsiella pneumoniae"
"dzd-533","Klebsiella species"
"dzd-535","Enterococcus faecalis"
"dzd-536","Enterococcus faecalis"
"dzd-537","Morganella morganii"
"dzd-537","Proteus vulgaris/penneri"
"dzd-538","Pseudomonas aeruginosa"
"dzd-538","Serratia marcescens"
"dzd-539","Escherichia coli"
"dzd-540","Escherichia coli"
"dzd-543","Staphylococcus aureus"
"dzd-543","Staphylococcus epidermidis"
"dzd-544","Staphylococcus aureus"
"dzd-545","Staphylococcus aureus"
"dzd-546","Escherichia coli"
"dzd-547","Pseudomonas aeruginosa"
"dzd-548","Oxacillin-resistant S. aureus"
"dzd-549","Staphylococcus aureus"
"dzd-550","Pseudomonas aeruginosa"
"dzd-552","Escherichia coli"
"dzd-553","Proteus mirabilis"
"dzd-554","Staphylococcus aureus"
"dzd-555","Escherichia coli"
"dzd-556","Proteus vulgaris/penneri"
"dzd-556","Morganella morganii"
"dzd-557","Staphylococcus epidermidis"
"dzd-558","Staphylococcus epidermidis"
"dzd-558","Staphylococcus haemolyticus"
"dzd-559","Klebsiella pneumoniae"
"dzd-560","Proteus mirabilis"
"dzd-561","Klebsiella pneumoniae"
"dzd-563","Enterococcus faecalis"
"dzd-564","Streptococcus agalactiae (Group B)"
"dzd-566","Pseudomonas aeruginosa"
"dzd-567","Pseudomonas aeruginosa"
"dzd-568","Escherichia coli"
"dzd-569","Pseudomonas aeruginosa"
"dzd-570","Escherichia coli"
"dzd-571","Enterococcus faecalis"
"dzd-572","Escherichia coli"
"dzd-573","Escherichia coli"
"dzd-574","Staphylococcus aureus"
"dzd-575","Enterococcus faecium"
"dzd-578","Escherichia coli"
"dzd-579","Escherichia coli"
"dzd-580","Staphylococcus aureus"
"dzd-580","Staphylococcus epidermidis"
"dzd-581","Escherichia coli"
"dzd-582","Enterococcus faecium"
"dzd-584","Staphylococcus aureus"
"dzd-586","Escherichia coli"
"dzd-588","Oxacillin-resistant S. aureus"
"dzd-589","Oxacillin-resistant S. aureus"
"dzd-589","Staphylococcus aureus"
"dzd-59","Staphylococcus epidermidis"
"dzd-590","Klebsiella species"
"dzd-590","Citrobacter freundii"
"dzd-591","Enterococcus faecium"
"dzd-592","Oxacillin-resistant S. aureus"
"dzd-593","Escherichia coli"
"dzd-594","Escherichia coli"
"dzd-595","Escherichia coli"
"dzd-596","Kluyvera ascorbata"
"dzd-597","Escherichia coli"
"dzd-598","Streptococcus salivarius"
"dzd-598","Enterococcus faecalis"
"dzd-599","Escherichia coli"
"dzd-6","Klebsiella pneumoniae"
"dzd-600","Pseudomonas aeruginosa"
"dzd-602","Pseudomonas aeruginosa"
"dzd-603","Staphylococcus aureus"
"dzd-604","Staphylococcus aureus"
"dzd-605","Klebsiella pneumoniae"
"dzd-606","Staphylococcus simulans"
"dzd-607","Staphylococcus epidermidis"
"dzd-607","Enterococcus faecalis"
"dzd-608","Klebsiella pneumoniae"
"dzd-609","Enterococcus faecium"
"dzd-61","Pseudomonas aeruginosa"
"dzd-611","Oxacillin-resistant S. aureus"
"dzd-612","Oxacillin-resistant S. aureus"
"dzd-612","Pseudomonas aeruginosa"
"dzd-613","Enterococcus faecalis"
"dzd-614","Staphylococcus aureus"
"dzd-615","Acinetobacter baumannii"
"dzd-616","Staphylococcus simulans"
"dzd-617","Enterobacter aerogenes"
"dzd-618","Proteus mirabilis"
"dzd-62","Escherichia coli"
"dzd-620","Staphylococcus warneri"
"dzd-621","Escherichia coli"
"dzd-622","Enterococcus faecium"
"dzd-623","Enterococcus faecalis"
"dzd-624","Oxacillin-resistant S. aureus"
"dzd-625","Pseudomonas aeruginosa"
"dzd-626","Escherichia coli"
"dzd-627","Escherichia coli"
"dzd-628","Oxacillin-resistant S. aureus"
"dzd-629","Enterococcus faecalis"
"dzd-63","Enterococcus faecium"
"dzd-630","Escherichia coli"
"dzd-631","Staphylococcus epidermidis"
"dzd-631","Coagulase negative Staphylococcus"
"dzd-632","Staphylococcus aureus"
"dzd-633","Enterococcus faecalis"
"dzd-634","Pseudomonas aeruginosa"
"dzd-635","Escherichia coli"
"dzd-636","Enterococcus faecalis"
"dzd-639","Enterococcus faecium"
"dzd-64","Staphylococcus hominis"
"dzd-641","Staphylococcus haemolyticus"
"dzd-642","Enterococcus raffinosus"
"dzd-643","Enterococcus faecalis"
"dzd-644","Enterococcus faecalis"
"dzd-646","Coagulase negative Staphylococcus"
"dzd-646","Staphylococcus epidermidis"
"dzd-647","Klebsiella pneumoniae"
"dzd-648","Citrobacter freundii"
"dzd-648","Klebsiella species"
"dzd-649","Stenotrophomonas maltophilia"
"dzd-65","Staphylococcus epidermidis"
"dzd-650","Kluyvera ascorbata"
"dzd-651","Oxacillin-resistant S. aureus"
"dzd-651","Staphylococcus aureus"
"dzd-653","Pseudomonas aeruginosa"
"dzd-654","Escherichia coli"
"dzd-655","Staphylococcus aureus"
"dzd-656","Klebsiella oxytoca"
"dzd-657","Oxacillin-resistant S. aureus"
"dzd-658","Staphylococcus aureus"
"dzd-659","Enterococcus faecium"
"dzd-66","Oxacillin-resistant S. aureus"
"dzd-662","Escherichia coli"
"dzd-663","Escherichia coli"
"dzd-664","Staphylococcus aureus"
"dzd-666","Oxacillin-resistant S. aureus"
"dzd-667","Oxacillin-resistant S. aureus"
"dzd-669","Staphylococcus aureus"
"dzd-669","Oxacillin-resistant S. aureus"
"dzd-67","Klebsiella pneumoniae"
"dzd-670","Escherichia coli"
"dzd-670","Klebsiella pneumoniae"
"dzd-672","Escherichia coli"
"dzd-673","Escherichia coli"
"dzd-674","Enterococcus faecalis"
"dzd-675","Escherichia coli"
"dzd-676","Klebsiella pneumoniae"
"dzd-677","Escherichia coli"
"dzd-679","Enterococcus faecalis"
"dzd-68","Escherichia coli"
"dzd-680","Escherichia coli"
"dzd-681","Oxacillin-resistant S. aureus"
"dzd-683","Klebsiella pneumoniae"
"dzd-684","Pseudomonas aeruginosa"
"dzd-685","Pseudomonas aeruginosa"
"dzd-687","Staphylococcus aureus"
"dzd-69","Proteus mirabilis"
"dzd-690","Citrobacter freundii"
"dzd-691","Escherichia coli"
"dzd-693","Escherichia coli"
"dzd-694","Pseudomonas aeruginosa"
"dzd-696","Enterococcus faecium"
"dzd-696","Staphylococcus epidermidis"
"dzd-697","Serratia marcescens"
"dzd-699","Staphylococcus epidermidis"
"dzd-7","Enterobacter aerogenes"
"dzd-70","Escherichia coli"
"dzd-700","Staphylococcus epidermidis"
"dzd-703","Staphylococcus epidermidis"
"dzd-703","Enterococcus faecium"
"dzd-706","Escherichia coli"
"dzd-708","Staphylococcus aureus"
"dzd-709","Escherichia coli"
"dzd-71","Escherichia coli"
"dzd-710","Pseudomonas aeruginosa"
"dzd-712","Escherichia coli"
"dzd-713","Escherichia coli"
"dzd-714","Enterococcus faecalis"
"dzd-715","Escherichia coli"
"dzd-716","Enterococcus faecalis"
"dzd-717","Staphylococcus hominis"
"dzd-718","Escherichia coli"
"dzd-719","Enterococcus faecium"
"dzd-719","Staphylococcus epidermidis"
"dzd-72","Klebsiella pneumoniae"
"dzd-721","Klebsiella oxytoca"
"dzd-722","Klebsiella pneumoniae"
"dzd-723","Escherichia coli"
"dzd-724","Escherichia coli"
"dzd-725","Escherichia coli"
"dzd-727","Staphylococcus epidermidis"
"dzd-728","Escherichia coli"
"dzd-729","Stenotrophomonas maltophilia"
"dzd-73","Pseudomonas aeruginosa"
"dzd-730","Klebsiella pneumoniae"
"dzd-731","Oxacillin-resistant S. aureus"
"dzd-732","Staphylococcus aureus"
"dzd-733","Enterobacter cloacae complex"
"dzd-734","Staphylococcus aureus"
"dzd-736","Escherichia coli"
"dzd-737","Staphylococcus epidermidis"
"dzd-74","Escherichia coli"
"dzd-740","Acinetobacter baumannii complex"
"dzd-741","Pseudomonas aeruginosa"
"dzd-742","Streptococcus agalactiae (Group B)"
"dzd-742","Streptococcus gordonii"
"dzd-743","Escherichia coli"
"dzd-746","Escherichia coli"
"dzd-747","Escherichia coli"
"dzd-749","Klebsiella pneumoniae"
"dzd-75","Acinetobacter baumannii complex"
"dzd-750","Klebsiella pneumoniae"
"dzd-751","Staphylococcus epidermidis"
"dzd-752","Pseudomonas aeruginosa"
"dzd-752","Oxacillin-resistant S. aureus"
"dzd-753","Enterobacter cloacae/ asburiae"
"dzd-754","Pseudomonas aeruginosa"
"dzd-756","Escherichia coli"
"dzd-757","Escherichia coli"
"dzd-759","Enterococcus faecalis"
"dzd-759","Pseudomonas aeruginosa"
"dzd-76","Proteus mirabilis"
"dzd-760","Proteus mirabilis"
"dzd-761","Escherichia coli"
"dzd-762","Enterococcus faecalis"
"dzd-763","Staphylococcus epidermidis"
"dzd-765","Oxacillin-resistant S. aureus"
"dzd-766","Escherichia coli"
"dzd-767","Staphylococcus aureus"
"dzd-768","Oxacillin-resistant S. aureus"
"dzd-77","Proteus mirabilis"
"dzd-773","Escherichia coli"
"dzd-774","Enterococcus faecium"
"dzd-774","Staphylococcus epidermidis"
"dzd-775","Staphylococcus epidermidis"
"dzd-777","Staphylococcus aureus"
"dzd-778","Enterococcus faecalis"
"dzd-779","Escherichia coli"
"dzd-78","Proteus mirabilis"
"dzd-780","Klebsiella pneumoniae"
"dzd-781","Escherichia coli"
"dzd-782","Oxacillin-resistant S. aureus"
"dzd-784","Escherichia coli"
"dzd-786","Streptococcus agalactiae (Group B)"
"dzd-787","Klebsiella pneumoniae"
"dzd-789","Escherichia coli"
"dzd-79","Staphylococcus epidermidis"
"dzd-790","Coagulase negative Staphylococcus"
"dzd-790","Klebsiella pneumoniae"
"dzd-792","Enterococcus faecalis"
"dzd-792","Staphylococcus epidermidis"
"dzd-793","Staphylococcus aureus"
"dzd-795","Proteus species"
"dzd-796","Pseudomonas aeruginosa"
"dzd-797","Escherichia coli"
"dzd-798","Escherichia coli"
"dzd-799","Escherichia coli"
"dzd-8","Klebsiella oxytoca"
"dzd-80","Proteus mirabilis"
"dzd-800","Escherichia coli"
"dzd-801","Escherichia coli"
"dzd-802","Klebsiella pneumoniae"
"dzd-803","Klebsiella pneumoniae"
"dzd-804","Escherichia coli"
"dzd-805","Escherichia coli"
"dzd-806","Enterococcus faecalis"
"dzd-807","Enterococcus faecalis"
"dzd-808","Oxacillin-resistant S. aureus"
"dzd-81","Staphylococcus aureus"
"dzd-810","Staphylococcus epidermidis"
"dzd-810","Escherichia coli"
"dzd-811","Escherichia coli"
"dzd-812","Escherichia coli"
"dzd-813","Staphylococcus epidermidis"
"dzd-814","Escherichia coli"
"dzd-816","Pseudomonas aeruginosa"
"dzd-818","Klebsiella pneumoniae"
"dzd-819","Staphylococcus epidermidis"
"dzd-82","Staphylococcus aureus"
"dzd-820","Enterobacter aerogenes"
"dzd-821","Enterococcus faecalis"
"dzd-822","Escherichia coli"
"dzd-823","Escherichia coli"
"dzd-824","Oxacillin-resistant S. aureus"
"dzd-827","Escherichia coli"
"dzd-827","Staphylococcus epidermidis"
"dzd-828","Staphylococcus aureus"
"dzd-828","Serratia marcescens"
"dzd-83","Escherichia coli"
"dzd-830","Citrobacter koseri"
"dzd-831","Providencia rettgeri"
"dzd-833","Staphylococcus epidermidis"
"dzd-834","Serratia marcescens"
"dzd-835","Escherichia coli"
"dzd-836","Klebsiella pneumoniae"
"dzd-837","Escherichia coli"
"dzd-838","Klebsiella pneumoniae"
"dzd-839","Escherichia coli"
"dzd-84","Enterococcus faecalis"
"dzd-840","Enterococcus faecalis"
"dzd-841","Pseudomonas aeruginosa"
"dzd-842","Oxacillin-resistant S. aureus"
"dzd-843","Achromobacter dentrificans"
"dzd-844","Pseudomonas aeruginosa"
"dzd-845","Klebsiella pneumoniae"
"dzd-846","Pseudomonas aeruginosa"
"dzd-847","Enterococcus faecium"
"dzd-848","Staphylococcus hominis"
"dzd-849","Staphylococcus epidermidis"
"dzd-85","Staphylococcus simulans"
"dzd-850","Enterobacter aerogenes"
"dzd-851","Enterobacter aerogenes"
"dzd-852","Staphylococcus epidermidis"
"dzd-853","Pseudomonas species"
"dzd-854","Staphylococcus epidermidis"
"dzd-856","Escherichia coli"
"dzd-857","Staphylococcus aureus"
"dzd-858","Escherichia coli"
"dzd-861","Escherichia coli"
"dzd-863","Staphylococcus epidermidis"
"dzd-864","Escherichia coli"
"dzd-865","Staphylococcus epidermidis"
"dzd-866","Staphylococcus epidermidis"
"dzd-867","Staphylococcus epidermidis"
"dzd-868","Enterococcus faecium"
"dzd-869","Staphylococcus epidermidis"
"dzd-87","Escherichia coli"
"dzd-870","Oxacillin-resistant S. aureus"
"dzd-872","Staphylococcus aureus"
"dzd-874","Escherichia coli"
"dzd-875","Escherichia coli"
"dzd-876","Escherichia coli"
"dzd-877","Citrobacter koseri"
"dzd-878","Enterococcus faecalis"
"dzd-879","Escherichia coli"
"dzd-88","Escherichia coli"
"dzd-880","Staphylococcus aureus"
"dzd-882","Pseudomonas aeruginosa"
"dzd-886","Raoultella ornithinolytica"
"dzd-887","Enterobacter species"
"dzd-888","Klebsiella pneumoniae"
"dzd-889","Enterobacter cloacae/ asburiae"
"dzd-89","Enterococcus faecalis"
"dzd-89","Candida glabrata"
"dzd-89","Escherichia coli"
"dzd-890","Escherichia coli"
"dzd-891","Escherichia coli"
"dzd-892","Klebsiella pneumoniae"
"dzd-893","Klebsiella pneumoniae"
"dzd-895","Escherichia coli"
"dzd-897","Escherichia coli"
"dzd-898","Klebsiella pneumoniae"
"dzd-899","Escherichia coli"
"dzd-9","Enterobacter aerogenes"
"dzd-90","Oxacillin-resistant S. aureus"
"dzd-901","Pseudomonas aeruginosa"
"dzd-902","Klebsiella oxytoca"
"dzd-903","Enterobacter species"
"dzd-904","Escherichia coli"
"dzd-907","Staphylococcus aureus"
"dzd-908","Staphylococcus epidermidis"
"dzd-909","Staphylococcus aureus"
"dzd-91","Citrobacter koseri"
"dzd-911","Staphylococcus aureus"
"dzd-912","Staphylococcus aureus"
"dzd-913","Klebsiella pneumoniae"
"dzd-914","Enterococcus faecalis"
"dzd-915","Escherichia coli"
"dzd-916","Escherichia coli"
"dzd-917","Escherichia coli"
"dzd-918","Enterococcus faecium"
"dzd-919","Escherichia coli"
"dzd-92","Enterococcus faecalis"
"dzd-921","Staphylococcus epidermidis"
"dzd-922","Enterococcus faecium"
"dzd-923","Staphylococcus epidermidis"
"dzd-924","Enterococcus faecalis"
"dzd-924","Escherichia coli"
"dzd-925","Klebsiella pneumoniae"
"dzd-926","Staphylococcus epidermidis"
"dzd-929","Enterococcus faecalis"
"dzd-93","Oxacillin-resistant S. aureus"
"dzd-930","Escherichia coli"
"dzd-932","Pseudomonas aeruginosa"
"dzd-933","Oxacillin-resistant S. aureus"
"dzd-934","Escherichia coli"
"dzd-935","Pseudomonas aeruginosa"
"dzd-936","Oxacillin-resistant S. aureus"
"dzd-937","Staphylococcus epidermidis"
"dzd-939","Pseudomonas aeruginosa"
"dzd-94","Klebsiella pneumoniae"
"dzd-940","Enterococcus faecium"
"dzd-941","Staphylococcus aureus"
"dzd-941","Serratia marcescens"
"dzd-942","Staphylococcus epidermidis"
"dzd-943","Escherichia coli"
"dzd-944","Enterococcus casseliflavus"
"dzd-945","Streptococcus dysgalactiae ssp equisimilis"
"dzd-946","Escherichia coli"
"dzd-948","Staphylococcus aureus"
"dzd-949","Oxacillin-resistant S. aureus"
"dzd-95","Escherichia coli"
"dzd-951","Escherichia coli"
"dzd-952","Enterococcus faecalis"
"dzd-952","Escherichia coli"
"dzd-953","Staphylococcus aureus"
"dzd-955","Staphylococcus epidermidis"
"dzd-956","Streptococcus equisimilis"
"dzd-957","Oxacillin-resistant S. aureus"
"dzd-958","Pseudomonas aeruginosa"
"dzd-959","Pseudomonas aeruginosa"
"dzd-961","Citrobacter freundii"
"dzd-963","Enterococcus faecalis"
"dzd-964","Escherichia coli"
"dzd-966","Proteus mirabilis"
"dzd-967","Escherichia coli"
"dzd-968","Staphylococcus aureus"
"dzd-969","Oxacillin-resistant S. aureus"
"dzd-97","Staphylococcus epidermidis"
"dzd-970","Escherichia coli"
"dzd-971","Escherichia coli"
"dzd-972","Escherichia coli"
"dzd-973","Staphylococcus aureus"
"dzd-974","Escherichia coli"
"dzd-975","Staphylococcus aureus"
"dzd-976","Pseudomonas aeruginosa"
"dzd-976","Escherichia coli"
"dzd-977","Klebsiella pneumoniae"
"dzd-978","Escherichia coli"
"dzd-979","Escherichia coli"
"dzd-98","Enterococcus faecalis"
"dzd-980","Escherichia coli"
"dzd-981","Pseudomonas aeruginosa"
"dzd-982","Oxacillin-resistant S. aureus"
"dzd-983","Citrobacter koseri"
"dzd-984","Staphylococcus aureus"
"dzd-985","Proteus mirabilis"
"dzd-989","Escherichia coli"
"dzd-990","Enterobacter aerogenes"
"dzd-991","Escherichia coli"
"dzd-992","Oxacillin-resistant S. aureus"
"dzd-994","Pseudomonas aeruginosa"
"dzd-995","Stenotrophomonas maltophilia"
"dzd-996","Staphylococcus epidermidis"
"dzd-998","Staphylococcus epidermidis"
"dzd-999","Staphylococcus lugdunensis"
